{"safety_stock": 17.718960681947838, "reorder_point": 29.70253046312139, "avg_weekly_demand": 6.499076582601311, "unit_price": 327.62886597938143}